Header,Line,Category,Identifier,Signature
winuser.h,41,TYPEDEF_CALLBACK,WNDPROC,"typedef LRESULT (CALLBACK *WNDPROC)(HWND，UINT，WPARAM，LPARAM);"
winuser.h,46,TYPEDEF_CALLBACK,DLGPROC,"typedef INT_PTR (CALLBACK *DLGPROC) (HWND， UINT， WPARAM， LPARAM);"
winuser.h,50,TYPEDEF_CALLBACK,TIMERPROC,"typedef VOID (CALLBACK *TIMERPROC) (HWND， UINT， UINT_PTR， DWORD);"
winuser.h,51,TYPEDEF_CALLBACK,GRAYSTRINGPROC,"typedef WINBOOL (CALLBACK *GRAYSTRINGPROC) (HDC， LPARAM， int);"
winuser.h,52,TYPEDEF_CALLBACK,WNDENUMPROC,"typedef WINBOOL (CALLBACK *WNDENUMPROC) (HWND， LPARAM);"
winuser.h,53,TYPEDEF_CALLBACK,HOOKPROC,"typedef LRESULT (CALLBACK *HOOKPROC) (int code， WPARAM wParam， LPARAM lParam);"
winuser.h,54,TYPEDEF_CALLBACK,SENDASYNCPROC,"typedef VOID (CALLBACK *SENDASYNCPROC) (HWND， UINT， ULONG_PTR， LRESULT);"
winuser.h,56,TYPEDEF_CALLBACK,PROPENUMPROCA,"typedef WINBOOL (CALLBACK *PROPENUMPROCA) (HWND， LPCSTR， HANDLE);"
winuser.h,57,TYPEDEF_CALLBACK,PROPENUMPROCW,"typedef WINBOOL (CALLBACK *PROPENUMPROCW) (HWND， LPCWSTR， HANDLE);"
winuser.h,59,TYPEDEF_CALLBACK,PROPENUMPROCEXA,"typedef WINBOOL (CALLBACK *PROPENUMPROCEXA) (HWND， LPSTR， HANDLE， ULONG_PTR);"
winuser.h,60,TYPEDEF_CALLBACK,PROPENUMPROCEXW,"typedef WINBOOL (CALLBACK *PROPENUMPROCEXW) (HWND， LPWSTR， HANDLE， ULONG_PTR);"
winuser.h,62,TYPEDEF_CALLBACK,EDITWORDBREAKPROCA,"typedef int (CALLBACK *EDITWORDBREAKPROCA) (LPSTR lpch， int ichCurrent， int cch， int code);"
winuser.h,63,TYPEDEF_CALLBACK,EDITWORDBREAKPROCW,"typedef int (CALLBACK *EDITWORDBREAKPROCW) (LPWSTR lpch， int ichCurrent， int cch， int code);"
winuser.h,65,TYPEDEF_CALLBACK,DRAWSTATEPROC,"typedef WINBOOL (CALLBACK *DRAWSTATEPROC) (HDC hdc， LPARAM lData， WPARAM wData， int cx， int cy);"
winuser.h,98,TYPEDEF_CALLBACK,NAMEENUMPROCA,"typedef WINBOOL (CALLBACK *NAMEENUMPROCA) (LPSTR， LPARAM);"
winuser.h,99,TYPEDEF_CALLBACK,NAMEENUMPROCW,"typedef WINBOOL (CALLBACK *NAMEENUMPROCW) (LPWSTR， LPARAM);"
winuser.h,2198,TYPEDEF_WINAPI,PREGISTERCLASSNAMEW,"typedef BOOLEAN (WINAPI *PREGISTERCLASSNAMEW)(LPCWSTR);"
winuser.h,3506,API_DECL,AllowSetForegroundWindow,"WINUSERAPI WINBOOL WINAPI AllowSetForegroundWindow(DWORD dwProcessId);"
winuser.h,3719,TYPEDEF_CALLBACK,MSGBOXCALLBACK,"typedef VOID (CALLBACK *MSGBOXCALLBACK)(LPHELPINFO lpHelpInfo);"
winuser.h,3961,API_DECL,GetWindowThreadProcessId,"WINUSERAPI DWORD WINAPI GetWindowThreadProcessId(HWND hWnd，LPDWORD lpdwProcessId);"
winuser.h,5846,TYPEDEF_CALLBACK,MONITORENUMPROC,"typedef WINBOOL (CALLBACK *MONITORENUMPROC)(HMONITOR，HDC，LPRECT，LPARAM);"
winuser.h,5888,TYPEDEF_CALLBACK,WINEVENTPROC,"typedef VOID (CALLBACK *WINEVENTPROC)(HWINEVENTHOOK hWinEventHook，DWORD event，HWND hwnd，LONG idObject，LONG idChild，DWORD idEventThread，DWORD dwmsEventTime);"
winuser.h,6113,API_DECL,GetSystemDpiForProcess,"WINUSERAPI UINT WINAPI GetSystemDpiForProcess(HANDLE hProcess);"
winuser.h,6126,API_DECL,GetDpiAwarenessContextForProcess,"WINUSERAPI DPI_AWARENESS_CONTEXT WINAPI GetDpiAwarenessContextForProcess(HANDLE hProcess);"
winbase.h,190,TYPEDEF_WINAPI,PFIBER_START_ROUTINE,"typedef VOID (WINAPI *PFIBER_START_ROUTINE) (LPVOID lpFiberParameter);"
winbase.h,192,TYPEDEF_WINAPI,PFIBER_CALLOUT_ROUTINE,"typedef LPVOID (WINAPI *PFIBER_CALLOUT_ROUTINE) (LPVOID lpParameter);"
winbase.h,1315,TYPEDEF_WINAPI,PRESTORE_LAST_ERROR,"typedef VOID (WINAPI *PRESTORE_LAST_ERROR) (DWORD);"
winbase.h,1455,TYPEDEF_WINAPI,PFE_EXPORT_FUNC,"typedef DWORD (WINAPI *PFE_EXPORT_FUNC) (PBYTE pbData， PVOID pvCallbackContext， ULONG ulLength);"
winbase.h,1456,TYPEDEF_WINAPI,PFE_IMPORT_FUNC,"typedef DWORD (WINAPI *PFE_IMPORT_FUNC) (PBYTE pbData， PVOID pvCallbackContext， PULONG ulLength);"
winbase.h,2123,TYPEDEF_WINAPI,PGET_SYSTEM_WOW64_DIRECTORY_A,"typedef UINT (WINAPI *PGET_SYSTEM_WOW64_DIRECTORY_A) (LPSTR lpBuffer， UINT uSize);"
winbase.h,2124,TYPEDEF_WINAPI,PGET_SYSTEM_WOW64_DIRECTORY_W,"typedef UINT (WINAPI *PGET_SYSTEM_WOW64_DIRECTORY_W) (LPWSTR lpBuffer， UINT uSize);"
winbase.h,2249,TYPEDEF_WINAPI,LPPROGRESS_ROUTINE,"typedef DWORD (WINAPI *LPPROGRESS_ROUTINE) (LARGE_INTEGER TotalFileSize， LARGE_INTEGER TotalBytesTransferred， LARGE_INTEGER StreamSize， LARGE_INTEGER StreamBytesTransferred， DWORD dwStreamNumber， DWORD dwCallbackReason， HANDLE hSourceFile， HANDLE hDestinationFile， LPVOID lpData);"
winbase.h,2373,TYPEDEF_CALLBACK,PCOPYFILE2_PROGRESS_ROUTINE,"typedef COPYFILE2_MESSAGE_ACTION (CALLBACK *PCOPYFILE2_PROGRESS_ROUTINE) (const COPYFILE2_MESSAGE *pMessage， PVOID pvCallbackContext);"
winbase.h,3037,TYPEDEF_WINAPI,PQUERYACTCTXW_FUNC,"typedef WINBOOL (WINAPI *PQUERYACTCTXW_FUNC) (DWORD dwFlags， HANDLE hActCtx， PVOID pvSubInstance， ULONG ulInfoClass， PVOID pvBuffer， SIZE_T cbBuffer， SIZE_T *pcbWrittenOrRequired);"
winbase.h,3063,TYPEDEF_WINAPI,APPLICATION_RECOVERY_CALLBACK,"typedef DWORD (WINAPI *APPLICATION_RECOVERY_CALLBACK) (PVOID pvParameter);"
winnt.h,8281,TYPEDEF_NTAPI,PIMAGE_TLS_CALLBACK,"typedef VOID (NTAPI *PIMAGE_TLS_CALLBACK)(PVOID DllHandle，DWORD Reason，PVOID Reserved);"
winnt.h,8894,TYPEDEF_WINAPI,PRTL_RUN_ONCE_INIT_FN,"typedef DWORD (WINAPI *PRTL_RUN_ONCE_INIT_FN)(PRTL_RUN_ONCE， PVOID， PVOID *);"
winnt.h,9222,TYPEDEF_NTAPI,PAPCFUNC,"typedef VOID (NTAPI *PAPCFUNC) (ULONG_PTR Parameter);"
winnt.h,9223,TYPEDEF_NTAPI,PVECTORED_EXCEPTION_HANDLER,"typedef LONG (NTAPI *PVECTORED_EXCEPTION_HANDLER) (struct _EXCEPTION_POINTERS *ExceptionInfo);"
winnt.h,9230,TYPEDEF_NTAPI,WORKERCALLBACKFUNC,"typedef VOID (NTAPI *WORKERCALLBACKFUNC) (PVOID);"
winnt.h,9231,TYPEDEF_NTAPI,APC_CALLBACK_FUNCTION,"typedef VOID (NTAPI *APC_CALLBACK_FUNCTION) (DWORD， PVOID， PVOID);"
winnt.h,9232,TYPEDEF_NTAPI,WAITORTIMERCALLBACKFUNC,"typedef VOID (NTAPI *WAITORTIMERCALLBACKFUNC) (PVOID， BOOLEAN);"
winnt.h,9234,TYPEDEF_NTAPI,PFLS_CALLBACK_FUNCTION,"typedef VOID (NTAPI *PFLS_CALLBACK_FUNCTION) (PVOID lpFlsData);"
winnt.h,9235,TYPEDEF_NTAPI,PSECURE_MEMORY_CACHE_CALLBACK,"typedef BOOLEAN (NTAPI *PSECURE_MEMORY_CACHE_CALLBACK) (PVOID Addr， SIZE_T Range);"
winnt.h,9379,TYPEDEF_NTAPI,RTL_VERIFIER_DLL_LOAD_CALLBACK,"typedef VOID (NTAPI *RTL_VERIFIER_DLL_LOAD_CALLBACK) (PWSTR DllName，PVOID DllBase，SIZE_T DllSize，PVOID Reserved);"
winnt.h,9380,TYPEDEF_NTAPI,RTL_VERIFIER_DLL_UNLOAD_CALLBACK,"typedef VOID (NTAPI *RTL_VERIFIER_DLL_UNLOAD_CALLBACK) (PWSTR DllName，PVOID DllBase，SIZE_T DllSize，PVOID Reserved);"
winnt.h,9381,TYPEDEF_NTAPI,RTL_VERIFIER_NTDLLHEAPFREE_CALLBACK,"typedef VOID (NTAPI *RTL_VERIFIER_NTDLLHEAPFREE_CALLBACK)(PVOID AllocationBase，SIZE_T AllocationSize);"
winnt.h,9912,TYPEDEF_NTAPI,PTP_SIMPLE_CALLBACK,"typedef VOID (NTAPI *PTP_SIMPLE_CALLBACK) (PTP_CALLBACK_INSTANCE Instance， PVOID Context);"
winnt.h,9929,TYPEDEF_NTAPI,PTP_CLEANUP_GROUP_CANCEL_CALLBACK,"typedef VOID (NTAPI *PTP_CLEANUP_GROUP_CANCEL_CALLBACK) (PVOID ObjectContext， PVOID CleanupContext);"
winnt.h,9974,TYPEDEF_NTAPI,PTP_WORK_CALLBACK,"typedef VOID (NTAPI *PTP_WORK_CALLBACK) (PTP_CALLBACK_INSTANCE Instance， PVOID Context， PTP_WORK Work);"
winnt.h,9976,TYPEDEF_NTAPI,PTP_TIMER_CALLBACK,"typedef VOID (NTAPI *PTP_TIMER_CALLBACK) (PTP_CALLBACK_INSTANCE Instance， PVOID Context， PTP_TIMER Timer);"
winnt.h,9979,TYPEDEF_NTAPI,PTP_WAIT_CALLBACK,"typedef VOID (NTAPI *PTP_WAIT_CALLBACK) (PTP_CALLBACK_INSTANCE Instance， PVOID Context， PTP_WAIT Wait， TP_WAIT_RESULT WaitResult);"
wingdi.h,2753,TYPEDEF_CALLBACK,OLDFONTENUMPROCA,"typedef int (CALLBACK *OLDFONTENUMPROCA)(CONST LOGFONTA *，CONST TEXTMETRICA *，DWORD，LPARAM);"
wingdi.h,2754,TYPEDEF_CALLBACK,OLDFONTENUMPROCW,"typedef int (CALLBACK *OLDFONTENUMPROCW)(CONST LOGFONTW *，CONST TEXTMETRICW *，DWORD，LPARAM);"
wingdi.h,2758,TYPEDEF_CALLBACK,OLDFONTENUMPROCA,"typedef int (CALLBACK *OLDFONTENUMPROCA)(CONST LOGFONTA *，CONST VOID *，DWORD，LPARAM);"
wingdi.h,2759,TYPEDEF_CALLBACK,OLDFONTENUMPROCW,"typedef int (CALLBACK *OLDFONTENUMPROCW)(CONST LOGFONTW *，CONST VOID *，DWORD，LPARAM);"
wingdi.h,2769,TYPEDEF_CALLBACK,GOBJENUMPROC,"typedef int (CALLBACK *GOBJENUMPROC)(LPVOID，LPARAM);"
wingdi.h,2770,TYPEDEF_CALLBACK,LINEDDAPROC,"typedef VOID (CALLBACK *LINEDDAPROC)(int，int，LPARAM);"
wingdi.h,2832,TYPEDEF_CALLBACK,LPFNDEVMODE,"typedef UINT (CALLBACK *LPFNDEVMODE)(HWND，HMODULE，LPDEVMODE，LPSTR，LPSTR，LPDEVMODE，LPSTR，UINT);"
wingdi.h,2833,TYPEDEF_CALLBACK,LPFNDEVCAPS,"typedef DWORD (CALLBACK *LPFNDEVCAPS)(LPSTR，LPSTR，UINT，LPSTR，LPDEVMODE);"
wingdi.h,3205,TYPEDEF_WINAPI,GDIMARSHALLOC,"typedef PVOID (WINAPI *GDIMARSHALLOC)(DWORD dwSize， LPVOID pGdiRef);"
wingdi.h,3206,TYPEDEF_WINAPI,DDRAWMARSHCALLBACKMARSHAL,"typedef HRESULT (WINAPI *DDRAWMARSHCALLBACKMARSHAL)(HGDIOBJ hGdiObj，"
wingdi.h,3208,TYPEDEF_WINAPI,DDRAWMARSHCALLBACKUNMARSHAL,"typedef HRESULT (WINAPI *DDRAWMARSHCALLBACKUNMARSHAL)(LPVOID pData， HDC *phdc，"
wingdi.h,3210,TYPEDEF_WINAPI,DDRAWMARSHCALLBACKRELEASE,"typedef HRESULT (WINAPI *DDRAWMARSHCALLBACKRELEASE)(LPVOID pDDrawRef);"
wingdi.h,3290,TYPEDEF_CALLBACK,MFENUMPROC,"typedef int (CALLBACK *MFENUMPROC)(HDC hdc，HANDLETABLE *lpht，METARECORD *lpMR，int nObj，LPARAM lParam);"
wingdi.h,3294,TYPEDEF_CALLBACK,ENHMFENUMPROC,"typedef int (CALLBACK *ENHMFENUMPROC)(HDC hdc，HANDLETABLE *lpht，CONST ENHMETARECORD *lpmr，int hHandles，LPARAM data);"
wingdi.h,3398,TYPEDEF_CALLBACK,ABORTPROC,"typedef WINBOOL (CALLBACK *ABORTPROC)(HDC，int);"
wingdi.h,3509,TYPEDEF_CALLBACK,ICMENUMPROCA,"typedef int (CALLBACK *ICMENUMPROCA)(LPSTR，LPARAM);"
wingdi.h,3510,TYPEDEF_CALLBACK,ICMENUMPROCW,"typedef int (CALLBACK *ICMENUMPROCW)(LPWSTR，LPARAM);"
commdlg.h,46,TYPEDEF_CALLBACK,LPOFNHOOKPROC,"typedef UINT_PTR (CALLBACK *LPOFNHOOKPROC) (HWND，UINT，WPARAM，LPARAM);"
commdlg.h,205,TYPEDEF_CALLBACK,LPCCHOOKPROC,"typedef UINT_PTR (CALLBACK *LPCCHOOKPROC) (HWND，UINT，WPARAM，LPARAM);"
commdlg.h,322,TYPEDEF_CALLBACK,LPFRHOOKPROC,"typedef UINT_PTR (CALLBACK *LPFRHOOKPROC) (HWND，UINT，WPARAM，LPARAM);"
commdlg.h,387,TYPEDEF_CALLBACK,LPCFHOOKPROC,"typedef UINT_PTR (CALLBACK *LPCFHOOKPROC) (HWND，UINT，WPARAM，LPARAM);"
commdlg.h,516,TYPEDEF_CALLBACK,LPPRINTHOOKPROC,"typedef UINT_PTR (CALLBACK *LPPRINTHOOKPROC) (HWND，UINT，WPARAM，LPARAM);"
commdlg.h,517,TYPEDEF_CALLBACK,LPSETUPHOOKPROC,"typedef UINT_PTR (CALLBACK *LPSETUPHOOKPROC) (HWND，UINT，WPARAM，LPARAM);"
commdlg.h,716,TYPEDEF_CALLBACK,LPPAGEPAINTHOOK,"typedef UINT_PTR (CALLBACK *LPPAGEPAINTHOOK)(HWND，UINT，WPARAM，LPARAM);"
commdlg.h,717,TYPEDEF_CALLBACK,LPPAGESETUPHOOK,"typedef UINT_PTR (CALLBACK *LPPAGESETUPHOOK)(HWND，UINT，WPARAM，LPARAM);"
threadpoolapiset.h,18,TYPEDEF_WINAPI,PTP_WIN32_IO_CALLBACK,"typedef VOID (WINAPI *PTP_WIN32_IO_CALLBACK) (PTP_CALLBACK_INSTANCE Instance， PVOID Context， PVOID Overlapped， ULONG IoResult， ULONG_PTR NumberOfBytesTransferred， PTP_IO Io);"
libloaderapi.h,25,TYPEDEF_CALLBACK,ENUMRESLANGPROCA,"typedef WINBOOL (CALLBACK *ENUMRESLANGPROCA) (HMODULE hModule， LPCSTR lpType， LPCSTR lpName， WORD wLanguage， LONG_PTR lParam);"
libloaderapi.h,26,TYPEDEF_CALLBACK,ENUMRESLANGPROCW,"typedef WINBOOL (CALLBACK *ENUMRESLANGPROCW) (HMODULE hModule， LPCWSTR lpType， LPCWSTR lpName， WORD wLanguage， LONG_PTR lParam);"
libloaderapi.h,27,TYPEDEF_CALLBACK,ENUMRESNAMEPROCA,"typedef WINBOOL (CALLBACK *ENUMRESNAMEPROCA) (HMODULE hModule， LPCSTR lpType， LPSTR lpName， LONG_PTR lParam);"
libloaderapi.h,28,TYPEDEF_CALLBACK,ENUMRESNAMEPROCW,"typedef WINBOOL (CALLBACK *ENUMRESNAMEPROCW) (HMODULE hModule， LPCWSTR lpType， LPWSTR lpName， LONG_PTR lParam);"
libloaderapi.h,29,TYPEDEF_CALLBACK,ENUMRESTYPEPROCA,"typedef WINBOOL (CALLBACK *ENUMRESTYPEPROCA) (HMODULE hModule， LPSTR lpType， LONG_PTR lParam);"
libloaderapi.h,30,TYPEDEF_CALLBACK,ENUMRESTYPEPROCW,"typedef WINBOOL (CALLBACK *ENUMRESTYPEPROCW) (HMODULE hModule， LPWSTR lpType， LONG_PTR lParam);"
libloaderapi.h,183,TYPEDEF_WINAPI,PGET_MODULE_HANDLE_EXA,"typedef WINBOOL (WINAPI *PGET_MODULE_HANDLE_EXA) (DWORD dwFlags， LPCSTR lpModuleName， HMODULE *phModule);"
libloaderapi.h,184,TYPEDEF_WINAPI,PGET_MODULE_HANDLE_EXW,"typedef WINBOOL (WINAPI *PGET_MODULE_HANDLE_EXW) (DWORD dwFlags， LPCWSTR lpModuleName， HMODULE *phModule);"
errhandlingapi.h,17,TYPEDEF_WINAPI,PTOP_LEVEL_EXCEPTION_FILTER,"typedef LONG (WINAPI *PTOP_LEVEL_EXCEPTION_FILTER) (struct _EXCEPTION_POINTERS *ExceptionInfo);"
errhandlingapi.h,33,TYPEDEF_WINAPI,PRESTORE_LAST_ERROR,"typedef VOID (WINAPI *PRESTORE_LAST_ERROR) (DWORD);"
psapi.h,166,TYPEDEF_CALLBACK,PENUM_PAGE_FILE_CALLBACKW,"typedef WINBOOL (CALLBACK *PENUM_PAGE_FILE_CALLBACKW) (LPVOID pContext，PENUM_PAGE_FILE_INFORMATION pPageFileInfo，LPCWSTR lpFilename);"
psapi.h,167,TYPEDEF_CALLBACK,PENUM_PAGE_FILE_CALLBACKA,"typedef WINBOOL (CALLBACK *PENUM_PAGE_FILE_CALLBACKA) (LPVOID pContext，PENUM_PAGE_FILE_INFORMATION pPageFileInfo，LPCSTR lpFilename);"
shlobj.h,812,TYPEDEF_CALLBACK,BFFCALLBACK,"typedef int (CALLBACK *BFFCALLBACK) (HWND hwnd， UINT uMsg， LPARAM lParam， LPARAM lpData);"
shlobj.h,2370,TYPEDEF_CALLBACK,LPFNDFMCALLBACK,"typedef HRESULT (CALLBACK *LPFNDFMCALLBACK) (IShellFolder *psf， HWND hwnd， IDataObject *pdtobj， UINT uMsg， WPARAM wParam， LPARAM lParam);"
shlobj.h,2437,TYPEDEF_CALLBACK,LPFNVIEWCALLBACK,"typedef HRESULT (CALLBACK *LPFNVIEWCALLBACK) (IShellView *psvOuter， IShellFolder *psf， HWND hwndMain， UINT uMsg， WPARAM wParam， LPARAM lParam);"
commctrl.h,2705,TYPEDEF_CALLBACK,PFNLVCOMPARE,"typedef int (CALLBACK *PFNLVCOMPARE)(LPARAM，LPARAM，LPARAM);"
commctrl.h,2974,TYPEDEF_CALLBACK,PFNLVGROUPCOMPARE,"typedef int (CALLBACK *PFNLVGROUPCOMPARE)(int，int，void *);"
commctrl.h,3843,TYPEDEF_CALLBACK,PFNTVCOMPARE,"typedef int (CALLBACK *PFNTVCOMPARE)(LPARAM lParam1，LPARAM lParam2，LPARAM lParamSort);"
commctrl.h,5170,TYPEDEF_CALLBACK,PFTASKDIALOGCALLBACK,"typedef HRESULT (CALLBACK *PFTASKDIALOGCALLBACK) (HWND hwnd， UINT msg， WPARAM wParam， LPARAM lParam， LONG_PTR lpRefData);"
commctrl.h,5314,TYPEDEF_CALLBACK,PFNDAENUMCALLBACK,"typedef int (CALLBACK *PFNDAENUMCALLBACK) (void *p， void *pData);"
commctrl.h,5315,TYPEDEF_CALLBACK,PFNDAENUMCALLBACKCONST,"typedef int (CALLBACK *PFNDAENUMCALLBACKCONST) (const void *p， void *pData);"
commctrl.h,5316,TYPEDEF_CALLBACK,PFNDACOMPARE,"typedef int (CALLBACK *PFNDACOMPARE) (void *p1， void *p2， LPARAM lParam);"
commctrl.h,5317,TYPEDEF_CALLBACK,PFNDACOMPARECONST,"typedef int (CALLBACK *PFNDACOMPARECONST) (const void *p1， const void *p2， LPARAM lParam);"
commctrl.h,5412,TYPEDEF_CALLBACK,PFNDPASTREAM,"typedef HRESULT (CALLBACK *PFNDPASTREAM) (DPASTREAMINFO *pinfo， struct IStream *pstream， void *pvInstData);"
commctrl.h,5526,TYPEDEF_CALLBACK,SUBCLASSPROC,"typedef LRESULT (CALLBACK *SUBCLASSPROC)(HWND hWnd，UINT uMsg，WPARAM wParam，LPARAM lParam，UINT_PTR uIdSubclass，DWORD_PTR dwRefData);"
uxtheme.h,254,TYPEDEF_WINAPI,DTT_CALLBACK_PROC,"typedef int (WINAPI *DTT_CALLBACK_PROC)(HDC hdc，LPWSTR pszText，int cchText，LPRECT prc，UINT dwFlags，LPARAM lParam);"
dsound.h,554,TYPEDEF_CALLBACK,LPDSENUMCALLBACKW,"typedef WINBOOL (CALLBACK *LPDSENUMCALLBACKW)(LPGUID，LPCWSTR，LPCWSTR，LPVOID);"
dsound.h,555,TYPEDEF_CALLBACK,LPDSENUMCALLBACKA,"typedef WINBOOL (CALLBACK *LPDSENUMCALLBACKA)(LPGUID，LPCSTR，LPCSTR，LPVOID);"
winnls.h,829,TYPEDEF_CALLBACK,LANGUAGEGROUP_ENUMPROCA,"typedef WINBOOL (CALLBACK *LANGUAGEGROUP_ENUMPROCA) (LGRPID， LPSTR， LPSTR， DWORD， LONG_PTR);"
winnls.h,830,TYPEDEF_CALLBACK,LANGGROUPLOCALE_ENUMPROCA,"typedef WINBOOL (CALLBACK *LANGGROUPLOCALE_ENUMPROCA) (LGRPID， LCID， LPSTR， LONG_PTR);"
winnls.h,831,TYPEDEF_CALLBACK,UILANGUAGE_ENUMPROCA,"typedef WINBOOL (CALLBACK *UILANGUAGE_ENUMPROCA) (LPSTR， LONG_PTR);"
winnls.h,832,TYPEDEF_CALLBACK,CODEPAGE_ENUMPROCA,"typedef WINBOOL (CALLBACK *CODEPAGE_ENUMPROCA) (LPSTR);"
winnls.h,833,TYPEDEF_CALLBACK,DATEFMT_ENUMPROCA,"typedef WINBOOL (CALLBACK *DATEFMT_ENUMPROCA) (LPSTR);"
winnls.h,834,TYPEDEF_CALLBACK,DATEFMT_ENUMPROCEXA,"typedef WINBOOL (CALLBACK *DATEFMT_ENUMPROCEXA) (LPSTR， CALID);"
winnls.h,835,TYPEDEF_CALLBACK,TIMEFMT_ENUMPROCA,"typedef WINBOOL (CALLBACK *TIMEFMT_ENUMPROCA) (LPSTR);"
winnls.h,836,TYPEDEF_CALLBACK,CALINFO_ENUMPROCA,"typedef WINBOOL (CALLBACK *CALINFO_ENUMPROCA) (LPSTR);"
winnls.h,837,TYPEDEF_CALLBACK,CALINFO_ENUMPROCEXA,"typedef WINBOOL (CALLBACK *CALINFO_ENUMPROCEXA) (LPSTR， CALID);"
winnls.h,838,TYPEDEF_CALLBACK,LOCALE_ENUMPROCA,"typedef WINBOOL (CALLBACK *LOCALE_ENUMPROCA) (LPSTR);"
winnls.h,839,TYPEDEF_CALLBACK,LOCALE_ENUMPROCW,"typedef WINBOOL (CALLBACK *LOCALE_ENUMPROCW) (LPWSTR);"
winnls.h,840,TYPEDEF_CALLBACK,LANGUAGEGROUP_ENUMPROCW,"typedef WINBOOL (CALLBACK *LANGUAGEGROUP_ENUMPROCW) (LGRPID， LPWSTR， LPWSTR， DWORD， LONG_PTR);"
winnls.h,841,TYPEDEF_CALLBACK,LANGGROUPLOCALE_ENUMPROCW,"typedef WINBOOL (CALLBACK *LANGGROUPLOCALE_ENUMPROCW) (LGRPID， LCID， LPWSTR， LONG_PTR);"
winnls.h,842,TYPEDEF_CALLBACK,UILANGUAGE_ENUMPROCW,"typedef WINBOOL (CALLBACK *UILANGUAGE_ENUMPROCW) (LPWSTR， LONG_PTR);"
winnls.h,843,TYPEDEF_CALLBACK,CODEPAGE_ENUMPROCW,"typedef WINBOOL (CALLBACK *CODEPAGE_ENUMPROCW) (LPWSTR);"
winnls.h,844,TYPEDEF_CALLBACK,DATEFMT_ENUMPROCW,"typedef WINBOOL (CALLBACK *DATEFMT_ENUMPROCW) (LPWSTR);"
winnls.h,845,TYPEDEF_CALLBACK,DATEFMT_ENUMPROCEXW,"typedef WINBOOL (CALLBACK *DATEFMT_ENUMPROCEXW) (LPWSTR， CALID);"
winnls.h,846,TYPEDEF_CALLBACK,TIMEFMT_ENUMPROCW,"typedef WINBOOL (CALLBACK *TIMEFMT_ENUMPROCW) (LPWSTR);"
winnls.h,847,TYPEDEF_CALLBACK,CALINFO_ENUMPROCW,"typedef WINBOOL (CALLBACK *CALINFO_ENUMPROCW) (LPWSTR);"
winnls.h,848,TYPEDEF_CALLBACK,CALINFO_ENUMPROCEXW,"typedef WINBOOL (CALLBACK *CALINFO_ENUMPROCEXW) (LPWSTR， CALID);"
winnls.h,849,TYPEDEF_CALLBACK,GEO_ENUMPROC,"typedef WINBOOL (CALLBACK *GEO_ENUMPROC) (GEOID);"
winnls.h,851,TYPEDEF_CALLBACK,GEO_ENUMNAMEPROC,"typedef WINBOOL (CALLBACK *GEO_ENUMNAMEPROC) (PWSTR， LPARAM);"
winnls.h,1121,TYPEDEF_CALLBACK,CALINFO_ENUMPROCEXEX,"typedef WINBOOL (CALLBACK *CALINFO_ENUMPROCEXEX) (LPWSTR， CALID， LPWSTR， LPARAM);"
winnls.h,1122,TYPEDEF_CALLBACK,DATEFMT_ENUMPROCEXEX,"typedef WINBOOL (CALLBACK *DATEFMT_ENUMPROCEXEX) (LPWSTR， CALID， LPARAM);"
winnls.h,1123,TYPEDEF_CALLBACK,TIMEFMT_ENUMPROCEX,"typedef WINBOOL (CALLBACK *TIMEFMT_ENUMPROCEX) (LPWSTR， LPARAM);"
winnls.h,1124,TYPEDEF_CALLBACK,LOCALE_ENUMPROCEX,"typedef WINBOOL (CALLBACK *LOCALE_ENUMPROCEX) (LPWSTR， DWORD， LPARAM);"
synchapi.h,40,TYPEDEF_WINAPI,PINIT_ONCE_FN,"typedef WINBOOL (WINAPI *PINIT_ONCE_FN) (PINIT_ONCE InitOnce， PVOID Parameter， PVOID *Context);"
werapi.h,356,TYPEDEF_WINAPI,PFN_WER_RUNTIME_EXCEPTION_EVENT,"typedef HRESULT (WINAPI *PFN_WER_RUNTIME_EXCEPTION_EVENT)("
werapi.h,365,TYPEDEF_WINAPI,PFN_WER_RUNTIME_EXCEPTION_DEBUGGER_LAUNCH,"typedef HRESULT (WINAPI *PFN_WER_RUNTIME_EXCEPTION_DEBUGGER_LAUNCH)("
werapi.h,374,TYPEDEF_WINAPI,PFN_WER_RUNTIME_EXCEPTION_EVENT_SIGNATURE,"typedef HRESULT (WINAPI *PFN_WER_RUNTIME_EXCEPTION_EVENT_SIGNATURE)("
wincon.h,167,TYPEDEF_WINAPI,PHANDLER_ROUTINE,"typedef WINBOOL (WINAPI *PHANDLER_ROUTINE)(DWORD CtrlType);"
wincon.h,254,API_DECL,GenerateConsoleCtrlEvent,"WINBASEAPI WINBOOL WINAPI GenerateConsoleCtrlEvent(DWORD dwCtrlEvent，DWORD dwProcessGroupId);"
wincon.h,257,API_DECL,AttachConsole,"WINBASEAPI WINBOOL WINAPI AttachConsole(DWORD dwProcessId);"
wincon.h,287,API_DECL,GetConsoleProcessList,"WINBASEAPI DWORD WINAPI GetConsoleProcessList(LPDWORD lpdwProcessList，DWORD dwProcessCount);"
cfgmgr32.h,888,TYPEDEF_CALLBACK,PCM_NOTIFY_CALLBACK,"typedef DWORD (CALLBACK *PCM_NOTIFY_CALLBACK)(HCMNOTIFICATION hNotify， PVOID Context， CM_NOTIFY_ACTION Action， PCM_NOTIFY_EVENT_DATA EventData， DWORD EventDataSize);"
shlwapi.h,1308,TYPEDEF_CALLBACK,DLLGETVERSIONPROC,"typedef HRESULT (CALLBACK *DLLGETVERSIONPROC)(DLLVERSIONINFO *);"
richedit.h,359,TYPEDEF_WINAPI,AutoCorrectProc,"typedef int (WINAPI *AutoCorrectProc) (LANGID langid， const WCHAR *pszBefore， WCHAR *pszAfter， LONG cchAfter， LONG *pcchReplaced);"
richedit.h,835,TYPEDEF_CALLBACK,EDITSTREAMCALLBACK,"typedef DWORD (CALLBACK *EDITSTREAMCALLBACK)(DWORD_PTR dwCookie， LPBYTE pbBuff， LONG cb， LONG *pcb);"
ws2tcpip.h,298,TYPEDEF_CALLBACK,LPLOOKUPSERVICE_COMPLETION_ROUTINE,"typedef void (CALLBACK * LPLOOKUPSERVICE_COMPLETION_ROUTINE)("
winsock2.h,562,TYPEDEF_CALLBACK,LPCONDITIONPROC,"typedef int (CALLBACK *LPCONDITIONPROC)(LPWSABUF lpCallerId，LPWSABUF lpCallerData，LPQOS lpSQOS，LPQOS lpGQOS，LPWSABUF lpCalleeId，LPWSABUF lpCalleeData，GROUP *g，DWORD_PTR dwCallbackData);"
winsock2.h,563,TYPEDEF_CALLBACK,LPWSAOVERLAPPED_COMPLETION_ROUTINE,"typedef void (CALLBACK *LPWSAOVERLAPPED_COMPLETION_ROUTINE)(DWORD dwError，DWORD cbTransferred，LPWSAOVERLAPPED lpOverlapped，DWORD dwFlags);"
evntprov.h,117,TYPEDEF_NTAPI,PENABLECALLBACK,"typedef VOID (NTAPI *PENABLECALLBACK) (LPCGUID SourceId， ULONG IsEnabled， UCHAR Level， ULONGLONG MatchAnyKeyword， ULONGLONG MatchAllKeyword， PEVENT_FILTER_DESCRIPTOR FilterData， PVOID CallbackContext);"
ddeml.h,155,TYPEDEF_CALLBACK,PFNCALLBACK,"typedef HDDEDATA (CALLBACK *PFNCALLBACK)(UINT wType，UINT wFmt，HCONV hConv，HSZ hsz1，HSZ hsz2，HDDEDATA hData，ULONG_PTR dwData1，ULONG_PTR dwData2);"
ddeml.h,155,TYPEDEF_CALLBACK,PFNCALLBACK,"typedef HDDEDATA (CALLBACK *PFNCALLBACK)(UINT wType，UINT wFmt，HCONV hConv，HSZ hsz1，HSZ hsz2，HDDEDATA hData，ULONG_PTR dwData1，ULONG_PTR dwData2);"
mmiscapi.h,57,,,"typedef LRESULT (CALLBACK* DRIVERPROC)(DWORD_PTR， HDRVR， UINT， LPARAM， LPARAM);"
mciapi.h,31,,,"typedef UINT (CALLBACK *YIELDPROC)(MCIDEVICEID mciId， DWORD dwYieldData);"
ws2tcpip.h,298,,,"typedef void (CALLBACK * LPLOOKUPSERVICE_COMPLETION_ROUTINE)("
winsock2.h,562,,,"typedef int (CALLBACK *LPCONDITIONPROC)(LPWSABUF lpCallerId，LPWSABUF lpCallerData，LPQOS lpSQOS，LPQOS lpGQOS，LPWSABUF lpCalleeId，LPWSABUF lpCalleeData，GROUP *g，DWORD_PTR dwCallbackData);"
winsock2.h,563,,,"typedef void (CALLBACK *LPWSAOVERLAPPED_COMPLETION_ROUTINE)(DWORD dwError，DWORD cbTransferred，LPWSAOVERLAPPED lpOverlapped，DWORD dwFlags);"
evntprov.h,117,,,"typedef VOID (NTAPI *PENABLECALLBACK) (LPCGUID SourceId， ULONG IsEnabled， UCHAR Level， ULONGLONG MatchAnyKeyword， ULONGLONG MatchAllKeyword， PEVENT_FILTER_DESCRIPTOR FilterData， PVOID CallbackContext);"
ddeml.h,155,,,"typedef HDDEDATA (CALLBACK *PFNCALLBACK)(UINT wType，UINT wFmt，HCONV hConv，HSZ hsz1，HSZ hsz2，HDDEDATA hData，ULONG_PTR dwData1，ULONG_PTR dwData2);"
